Condition Order,Performance
9,0.8125
12,0.9
8,0.5
7,0.2
10,1.0
11,0.8888888888888888
5,1.0
6,0.8333333333333334
13,1.0
15,0.9090909090909091
4,0.625
2,0.25
14,1.0
16,0.75
1,0.46153846153846156
3,0.5
